id;first_name;last_name;address;city;telephone;created_by;created_date;last_modified_by;last_modified_date
1;Edward;Swaniawski;mill glossy which;Bobbieberg;1-975-748-2650 x4007;successfully certify;2020-06-27T00:15:05;surprise;2020-06-26T20:08:11
2;Latoya;Kunze;ick;Crawfordville;458.413.7387 x517;while march like;2020-06-26T08:32:33;chow unless mmm;2020-06-26T21:48:36
3;Sylvia;Pagac;since vet;Fort Ollie;(864) 458-6759 x9511;leading notarize mechanically;2020-06-26T18:08:17;phew yearn;2020-06-26T13:10:52
4;Alexis;Herzog;obtrude aw;East Marleneshire;(281) 368-9769 x0177;toaster about huzzah;2020-06-26T18:26:19;loftily;2020-06-26T16:27:41
5;Terrance;Lynch;annually grandpa begonia;Ortizstad;519.331.1907;refine ick;2020-06-26T16:40:40;from youthfully;2020-06-26T21:38:56
6;Sophie;Morissette;gee;Port Lawrence;1-960-367-2577;deduction practical;2020-06-27T06:28:21;swine;2020-06-26T18:42:11
7;Patty;Rau;broadside ligate;East Jonhaven;(552) 704-7225 x7504;gently meanwhile contrail;2020-06-26T19:21:19;secularize zowie however;2020-06-26T10:47:49
8;Tabitha;Johnston;rebuff opposite;North Leonora;(216) 646-3116 x551;hopelessly where;2020-06-26T14:23:06;nor if;2020-06-26T12:35:54
9;Josephine;Gottlieb;boo because gasp;Tulare;591-804-5102;black pack;2020-06-26T09:33:20;including idle;2020-06-26T17:57:37
10;Jaime;Gerlach;at reckless backburn;East Gunnarland;(375) 522-0011 x8129;into inasmuch meaningfully;2020-06-27T02:16:48;knowledgeably;2020-06-26T11:05:58
11;Sylvan;Daniel;modulo;Gardnerton;636-564-2719 x120;after;2020-06-26T18:45:01;gosh sore;2020-06-26T15:30:22
12;Valerie;Grant;like;Brookline;209.446.1359 x3873;incidentally indeed besides;2020-06-26T08:31:19;uncommon below oh;2020-06-26T12:35:48
13;Osbaldo;Franey;obnoxiously up;Lake Wilma;(894) 818-6032 x2815;octave;2020-06-26T12:40:24;drat fussy;2020-06-27T01:39:15
14;Jordyn;Kovacek;gee around although;Kayleystead;1-889-452-3947;instead next;2020-06-26T21:08:15;hm secret;2020-06-26T08:29:17
15;Sherri;Grimes;drat sundae;Giovannyfurt;876-621-6106 x7633;rebuff pry tromp;2020-06-27T03:01:03;wherever eek correctly;2020-06-26T15:30:01
16;Earline;Von;blah;Cathychester;(732) 731-9702 x758;oh;2020-06-26T16:31:39;seldom;2020-06-26T14:33:26
17;Maximillia;Wyman;boastfully nudge hopeful;North Stantonberg;1-932-368-0522 x6486;now improbable;2020-06-26T19:55:23;disconnection readmit;2020-06-26T10:31:45
18;Marcia;Schneider;fiercely next;South Savannaton;542.951.2539 x12616;amid crowded surprise;2020-06-26T12:14:03;faithfully structure sleepy;2020-06-26T18:14:25
19;Tammy;DuBuque;out fooey;Fall River;1-826-219-1280 x981;wire boo sternly;2020-06-26T17:25:42;garrote rigidly;2020-06-27T01:02:33
20;Ethyl;Larkin;sentimental scale;Louisville/Jefferson County;709-234-6910 x67189;underneath not;2020-06-26T08:30:07;delight appreciate request;2020-06-26T14:10:45
21;Lilliana;Schoen;better dreamily longingly;Middletown;288-659-1761 x028;before;2020-06-27T02:01:09;foot;2020-06-27T01:37:20
22;Pablo;Ankunding;rebuild;Marieburgh;1-357-879-6943 x096;tuxedo;2020-06-27T00:37:20;status since helpless;2020-06-27T05:24:08
23;Maribel;Schimmel;kiss polyester eke;New Chelseastead;840.874.5443;unwelcome;2020-06-27T03:47:48;forenenst why chapel;2020-06-26T11:35:40
24;Leann;Towne;aged pessimistic finally;Hutchinson;1-587-490-2350 x396;whenever heavy entry;2020-06-27T01:20:37;internalise;2020-06-26T12:47:42
25;Gerson;Lowe;motionless;Sylvesterburgh;285.433.8161;vastly;2020-06-27T06:52:03;pink past;2020-06-26T08:39:37
26;Tamara;Reynolds;sate unfurl;Port Cooper;(616) 210-3880;especially;2020-06-26T22:49:02;and dapper;2020-06-26T23:19:38
27;Claudia;Leuschke;how;Port Demetrius;301.364.2407;ew;2020-06-27T04:33:06;thigh essay other;2020-06-26T11:54:59
28;Angela;Kuhic;unsung irritably;Lorettachester;918-757-2521 x959;geez tempting;2020-06-27T01:28:18;desk;2020-06-26T23:02:14
29;Ransom;Dietrich;heroine materialise;Lake Karli;(952) 537-4743 x5820;eek;2020-06-26T16:17:22;midst drug;2020-06-27T06:17:13
30;Pearlie;Hackett;enormously serene pike;Quitzontown;981-684-7055;impanel conversation;2020-06-27T01:59:29;whose skeleton;2020-06-26T22:51:16
