id;name;birth_date;created_by;created_date;last_modified_by;last_modified_date
1;almost;2020-06-26;positively tremendously now;2020-06-27T01:39:39;limply apropos sheepishly;2020-06-27T04:21:58
2;so proud oh;2020-06-26;who swathe;2020-06-26T21:29:18;wherever;2020-06-26T20:24:27
3;amidst zowie;2020-06-26;neatly whoa final;2020-06-27T04:10:13;stint apropos;2020-06-27T04:52:36
4;whoa;2020-06-27;oof;2020-06-27T03:36:36;fussy unless;2020-06-26T21:20:05
5;without because within;2020-06-27;whoa;2020-06-27T07:22:29;similar;2020-06-26T19:26:32
6;up;2020-06-26;among whispered;2020-06-26T21:51:05;including unruly since;2020-06-26T18:53:50
7;gee qua hassle;2020-06-27;connect warmhearted righteously;2020-06-26T17:44:24;swine;2020-06-27T05:13:57
8;yet notwithstanding;2020-06-27;considerate strictly old;2020-06-26T11:34:05;shrilly;2020-06-26T16:40:24
9;whether;2020-06-26;yippee;2020-06-27T02:48:48;disconnection energetically incomplete;2020-06-26T23:35:55
10;configuration when progress;2020-06-26;now;2020-06-27T02:26:19;yahoo;2020-06-27T05:32:03
11;bar demob;2020-06-26;who;2020-06-26T21:13:18;pfft for broken;2020-06-26T22:31:38
12;furlough afore debit;2020-06-26;scholarship fen hutch;2020-06-26T14:15:24;into;2020-06-26T19:09:15
13;responsible besides representa;2020-06-26;uproot alongside;2020-06-26T23:32:24;uh-huh abaft;2020-06-27T03:48:53
14;along;2020-06-26;instructor bashfully fully;2020-06-26T12:09:54;tough within known;2020-06-27T04:53:22
15;sentimental boo unlawful;2020-06-26;abaft gee;2020-06-27T04:32:57;whereas supposing;2020-06-27T06:07:19
16;orderly offset;2020-06-26;with emotional underpants;2020-06-26T21:46:26;mediocre consequently dislocate;2020-06-27T07:22:56
17;what intently;2020-06-26;slip swiftly industrialize;2020-06-26T08:05:53;vastly blue;2020-06-26T20:09:02
18;allegation;2020-06-26;vice maroon;2020-06-26T10:17:06;enormously;2020-06-27T07:03:42
19;yuck reporter;2020-06-27;knife;2020-06-27T05:02:50;pillbox cuckoo ouch;2020-06-26T21:26:10
20;ha stake;2020-06-26;upset warmly;2020-06-27T00:51:48;eventually ew hungrily;2020-06-26T18:34:24
21;where up;2020-06-27;while;2020-06-27T02:21:46;save attest;2020-06-26T13:47:25
22;after;2020-06-26;across;2020-06-27T04:43:27;finally physically;2020-06-26T23:07:32
23;uh-huh and;2020-06-26;glorious as;2020-06-26T22:22:21;versus where mathematics;2020-06-26T07:48:21
24;phew er;2020-06-26;rectangular;2020-06-26T12:37:47;regarding;2020-06-26T10:17:40
25;illusion yum;2020-06-27;pip aside;2020-06-26T10:33:11;vice safe;2020-06-26T07:57:58
26;help;2020-06-27;save;2020-06-26T14:32:04;mixture square;2020-06-27T07:03:50
27;hygienic scarification ew;2020-06-27;flawed duh;2020-06-27T04:10:16;seemingly mmm smarten;2020-06-27T06:37:00
28;whitewash;2020-06-26;below;2020-06-26T19:13:17;meander;2020-06-27T02:44:45
29;pleasure;2020-06-26;as;2020-06-27T03:31:27;sympathetically;2020-06-26T11:55:56
30;jut fooey provided;2020-06-27;hence;2020-06-27T02:18:06;notwithstanding;2020-06-26T20:48:40
