id;name;created_by;created_date;last_modified_by;last_modified_date
1;shrilly;glimmer;2020-06-27T07:01:28;tenant ready tattered;2020-06-27T07:14:19
2;down qualified per;once incidentally fat;2020-06-27T01:09:14;mid uh-huh;2020-06-27T04:15:09
3;morning fooey when;certification testing;2020-06-26T09:32:40;smart;2020-06-27T03:13:38
4;whoa nearly dull;lucky creaking furthermore;2020-06-27T01:09:59;march gee;2020-06-26T08:00:12
5;supposing yum;conjecture;2020-06-26T12:28:24;tenement hunt furthermore;2020-06-26T18:10:35
6;blah till fooey;decide;2020-06-26T09:50:54;who;2020-06-27T03:57:04
7;yuck;aw;2020-06-27T03:55:12;rule;2020-06-26T09:49:54
8;surprisingly almost;grounded mallard;2020-06-26T21:44:56;now almighty;2020-06-26T22:19:51
9;opera;within absent nor;2020-06-26T15:14:02;after;2020-06-27T00:32:32
10;anxiously;what yahoo;2020-06-26T18:50:26;director;2020-06-26T08:59:11
11;instead that;whenever judgementally shakily;2020-06-26T16:32:09;opera;2020-06-26T19:08:20
12;sand;purse;2020-06-26T14:43:48;frantically powerfully;2020-06-26T21:32:41
13;sweetly over beside;er so;2020-06-26T10:34:49;um synthesise;2020-06-26T11:46:54
14;notarize;standard frilly;2020-06-26T16:59:06;intently;2020-06-26T17:12:37
15;house amid emphasise;last;2020-06-26T17:24:41;hence aha why;2020-06-26T18:23:30
16;ferociously platter;at spirited;2020-06-26T10:25:53;hygienic;2020-06-27T05:38:20
17;against;acclaimed;2020-06-27T06:41:44;however worldly clear;2020-06-26T13:00:24
18;annual know inside;phooey foretell;2020-06-26T19:52:55;furthermore;2020-06-26T14:33:49
19;without muffled;formamide the gee;2020-06-26T10:51:26;oh championship geez;2020-06-26T18:36:24
20;lively but though;amongst tremendously whoever;2020-06-26T12:43:30;when aircraft;2020-06-26T08:33:18
21;strident woot ouch;than mild alongside;2020-06-27T00:59:08;usually;2020-06-26T11:33:00
22;within;daddy exasperation interviewer;2020-06-26T12:52:05;deduct well;2020-06-27T07:01:35
23;aha attend wherever;except er;2020-06-26T20:27:03;inasmuch good-natured;2020-06-26T12:28:54
24;lanky ouch and;flimsy upliftingly;2020-06-26T18:48:05;whose extract gee;2020-06-26T18:51:53
25;any;gee which restructure;2020-06-26T23:28:34;after some;2020-06-26T13:57:33
26;hence frankly rag;event;2020-06-26T12:47:31;scented uniform;2020-06-26T20:39:27
27;toward CD;polished aw;2020-06-26T18:51:49;huzzah although victoriously;2020-06-26T20:59:48
28;acidly geez and;boo brr;2020-06-27T06:27:55;rout overreact zowie;2020-06-26T17:18:07
29;provided;monumental;2020-06-26T08:45:24;account before apud;2020-06-26T16:50:36
30;horst squeaky;geez angrily like;2020-06-27T02:28:15;valentine towards;2020-06-27T05:09:37
