id;first_name;last_name;created_by;created_date;last_modified_by;last_modified_date
1;Tyree;Kirlin;drat whereas;2020-06-27T04:20:01;around warming;2020-06-26T16:16:32
2;Paris;Veum-Fadel;where whenever;2020-06-27T05:31:15;barring while invite;2020-06-26T13:35:50
3;Luz;Bergnaum-Champlin;come vaguely;2020-06-26T14:43:47;authentic busily;2020-06-26T19:04:41
4;Justin;Cremin;admonish curly very;2020-06-26T18:40:45;middle before;2020-06-27T01:14:19
5;Damon;Prosacco;where;2020-06-26T19:41:13;dependent;2020-06-26T21:40:44
6;Jenny;Graham;lest artistic quicker;2020-06-26T21:58:03;slope;2020-06-26T23:15:06
7;Yasmine;DuBuque;beside motionless orientate;2020-06-26T11:08:43;ick imaginative knife;2020-06-27T06:10:37
8;Destini;Green;vain whoever;2020-06-26T16:40:09;so pulp uneven;2020-06-26T12:07:43
9;Delmer;Kulas;lest;2020-06-26T13:46:53;till though disrespect;2020-06-26T18:31:42
10;Caroline;Raynor;practical;2020-06-27T02:18:10;brr miserably other;2020-06-27T02:02:04
11;Beverly;Ledner;brr flu;2020-06-26T23:28:33;torn;2020-06-26T10:20:46
12;Marilie;Casper;yet phooey now;2020-06-26T07:38:13;ridge overcoat procurement;2020-06-26T12:56:51
13;Rowan;Klocko;how behind;2020-06-26T15:01:27;qualified than;2020-06-26T10:54:43
14;Stefanie;Langworth;rim;2020-06-27T05:47:57;pilot potentially worriedly;2020-06-27T05:20:42
15;Ellis;Predovic;yum supposing mmm;2020-06-26T15:27:39;recompense boom;2020-06-27T03:11:03
16;Maximo;Deckow;hm or;2020-06-26T13:44:12;outfit knottily up;2020-06-26T20:01:07
17;Kiera;Koelpin;whether relative till;2020-06-26T15:56:13;hence;2020-06-26T22:41:56
18;Freddy;Flatley;round smuggle;2020-06-26T15:12:01;who;2020-06-26T17:55:13
19;Delmer;Smith;dally;2020-06-26T15:31:44;neck;2020-06-26T20:48:52
20;Dixie;Nikolaus;whoever unless coop;2020-06-26T20:44:55;huzzah obedient;2020-06-26T19:21:44
21;Uriah;Kuhn;swathe um;2020-06-26T22:03:45;via evenly;2020-06-26T14:39:16
22;Ally;Fahey;quicker;2020-06-27T03:35:25;pish;2020-06-26T17:52:45
23;Hilma;Konopelski;deselect physically talkative;2020-06-26T12:32:57;butter minion golden;2020-06-26T18:00:07
24;Alverta;Mayer;diligently;2020-06-26T22:05:32;in beyond lightly;2020-06-26T16:12:11
25;Harry;Mills;consequently yowza willfully;2020-06-26T19:24:12;about assail blah;2020-06-26T18:42:01
26;Anastasia;Rempel;how maestro gladly;2020-06-27T06:50:40;unto dwell;2020-06-26T23:27:18
27;Valentine;Barton;upon react thoughtfully;2020-06-26T22:40:33;if forsaken;2020-06-27T05:56:56
28;Augusta;Hayes;distinct as surge;2020-06-26T14:54:16;courteous;2020-06-27T06:30:17
29;Lesley;Aufderhar;delight;2020-06-26T23:17:31;distinction someplace;2020-06-26T19:34:59
30;Peter;Kohler;vibraphone considering;2020-06-27T05:46:43;above swear;2020-06-26T09:36:00
