id;visit_date;description;created_by;created_date;last_modified_by;last_modified_date
1;2020-06-26;never greedily aha;pilot;2020-06-26T19:38:08;rare helplessly till;2020-06-27T03:34:16
2;2020-06-26;cleave birdbath case;hunger if numeracy;2020-06-26T09:19:28;pecan;2020-06-26T18:21:36
3;2020-06-27;who elastic;deliberately because;2020-06-27T04:59:20;shakily rotating scented;2020-06-27T06:37:04
4;2020-06-26;jubilantly even;however elegant tidy;2020-06-26T12:35:46;misread rally along;2020-06-26T18:26:29
5;2020-06-27;longingly hoarse;psst ornery amongst;2020-06-26T09:31:20;until;2020-06-27T02:31:18
6;2020-06-27;defenseless modulo sharply;mmm trusting storyboard;2020-06-26T13:47:20;sham hmph;2020-06-26T13:20:07
7;2020-06-26;miserly;gleefully;2020-06-27T03:59:00;how brace on;2020-06-26T10:16:18
8;2020-06-27;on;equate boo though;2020-06-26T23:20:09;gray towards;2020-06-26T22:49:01
9;2020-06-26;pace;ick unless;2020-06-27T06:40:09;puppet huzzah;2020-06-26T08:43:51
10;2020-06-26;apud;mutate blah to;2020-06-26T10:16:34;gadzooks alive;2020-06-27T01:16:52
11;2020-06-26;connect restructure;readily grouchy blah;2020-06-27T05:55:48;after yahoo duh;2020-06-26T14:29:50
12;2020-06-26;total contractor naturally;deficient napkin;2020-06-27T00:15:42;pertain saturate;2020-06-27T05:16:37
13;2020-06-26;daily gee;though;2020-06-27T02:40:04;harangue quaff;2020-06-27T06:09:01
14;2020-06-27;tepid;mysterious gut for;2020-06-26T08:30:27;aw frantically;2020-06-26T18:33:37
15;2020-06-26;wilted testify ouch;ack unfortunately;2020-06-26T08:45:45;yowza minor;2020-06-26T12:00:07
16;2020-06-27;diligently for;trustworthy;2020-06-26T11:46:00;for towards;2020-06-26T12:32:16
17;2020-06-26;loyalty awareness;ew crackle;2020-06-27T00:19:07;gosh guide;2020-06-26T12:07:37
18;2020-06-26;honestly oof phew;spirit;2020-06-26T14:57:15;plugin gee;2020-06-26T17:09:00
19;2020-06-27;bah;dish meh;2020-06-27T04:25:05;supposing ignorant;2020-06-26T17:23:41
20;2020-06-26;phooey;meanwhile;2020-06-26T10:13:05;apud ha;2020-06-26T23:58:44
21;2020-06-26;grave;cook;2020-06-27T00:45:21;speedily jaunty onto;2020-06-26T11:10:49
22;2020-06-26;aha;zowie conversation circa;2020-06-27T06:19:19;stealthily incidentally on;2020-06-26T08:34:54
23;2020-06-26;pish magnificent alligator;swing whether spear;2020-06-26T15:40:37;especially oof superior;2020-06-26T22:37:20
24;2020-06-26;pearl;but corporation;2020-06-26T14:05:31;er frank like;2020-06-26T13:43:33
25;2020-06-27;courageous;bah probable;2020-06-26T22:58:52;transom toothbrush past;2020-06-26T08:33:02
26;2020-06-27;duh dependency;remark;2020-06-26T21:42:01;wildly sleepy sans;2020-06-26T16:45:33
27;2020-06-26;lowball easy haunting;intensely although consequently;2020-06-27T04:19:23;bemuse brr ew;2020-06-26T14:17:44
28;2020-06-26;stealthily why needily;excluding;2020-06-26T10:13:27;given downright;2020-06-27T03:42:25
29;2020-06-27;overcook hm;athwart how;2020-06-27T00:02:20;almighty;2020-06-26T09:09:26
30;2020-06-26;ah;zebra;2020-06-26T22:04:52;even;2020-06-26T13:29:51
